{
  "type": "unsigned char",
  "dimension": 3,
  "sizes": [
    512,
    512,
    157
  ],
  "space directions": [
    [
      0.9296875000000002,
      0.0,
      0.0
    ],
    [
      0.0,
      0.9296875000000002,
      0.0
    ],
    [
      0.0,
      0.0,
      5.000000000000001
    ]
  ],
  "encoding": "raw",
  "space origin": [
    -249.53515625000006,
    -414.53515625,
    -798.0000000000002
  ]
}